<?xml version="1.0" encoding="UTF-8"?>
<projects><project id ='1' name= 'Project 1' startdate = '2006,6,11'><task id ='1'><name>Project1 task1</name><est>2006,6,11</est><duration>100</duration><percentcompleted>50</percentcompleted><predecessortasks></predecessortasks><childtasks><task id='13'><name>Project1 task13</name><est>2006,6,11</est><duration>90</duration><percentcompleted>90</percentcompleted><predecessortasks></predecessortasks><childtasks></childtasks></task><task id='4'><name>Project1 task4</name><est>2006,6,11</est><duration>80</duration><percentcompleted>46</percentcompleted><predecessortasks></predecessortasks><childtasks><task id='21'><name>Project2 task2_1</name><est>2006,6,11</est><duration>70</duration><percentcompleted>30</percentcompleted><predecessortasks></predecessortasks><childtasks></childtasks></task><task id='22'><name>Project2 task2_2</name><est>2006,6,11</est><duration>70</duration><percentcompleted>30</percentcompleted><predecessortasks></predecessortasks><childtasks></childtasks></task><task id='23'><name>Project2 task2_3</name><est>2006,6,11</est><duration>70</duration><percentcompleted>30</percentcompleted><predecessortasks></predecessortasks><childtasks></childtasks></task><task id='24'><name>Project2 task2_4</name><est>2006,6,11</est><duration>70</duration><percentcompleted>30</percentcompleted><predecessortasks></predecessortasks><childtasks></childtasks></task></childtasks></task><task id='2'><name>Project1 task2</name><est>2006,6,12</est><duration>78</duration><percentcompleted>40</percentcompleted><predecessortasks></predecessortasks><childtasks></childtasks></task></childtasks></task><task id ='3'><name>Project1 task3</name><est>2006,6,24</est><duration>160</duration><percentcompleted>80</percentcompleted><predecessortasks>1</predecessortasks><childtasks><task id='5'><name>Project1 task5</name><est>2006,6,24</est><duration>60</duration><percentcompleted>70</percentcompleted><predecessortasks></predecessortasks><childtasks></childtasks></task><task id='6'><name>Project1 task6</name><est>2006,6,24</est><duration>130</duration><percentcompleted>80</percentcompleted><predecessortasks></predecessortasks><childtasks></childtasks></task><task id='11'><name>Project1 task11</name><est>2006,6,24</est><duration>60</duration><percentcompleted>100</percentcompleted><predecessortasks></predecessortasks><childtasks></childtasks></task><task id='12'><name>Project1 task12</name><est>2006,6,24</est><duration>110</duration><percentcompleted>90</percentcompleted><predecessortasks></predecessortasks><childtasks></childtasks></task><task id='14'><name>Project1 task14</name><est>2006,6,24</est><duration>60</duration><percentcompleted>90</percentcompleted><predecessortasks></predecessortasks><childtasks></childtasks></task><task id='15'><name>Project1 task 15</name><est>2006,6,24</est><duration>110</duration><percentcompleted>90</percentcompleted><predecessortasks></predecessortasks><childtasks></childtasks></task><task id='7'><name>Project1 task7</name><est>2006,6,25</est><duration>130</duration><percentcompleted>80</percentcompleted><predecessortasks></predecessortasks><childtasks><task id='8'><name>Project1 task8</name><est>2006,6,25</est><duration>100</duration><percentcompleted>10</percentcompleted><predecessortasks></predecessortasks><childtasks></childtasks></task><task id='9'><name>Project1 task9</name><est>2006,6,25</est><duration>80</duration><percentcompleted>50</percentcompleted><predecessortasks></predecessortasks><childtasks></childtasks></task><task id='10'><name>Project1 task10</name><est>2006,6,25</est><duration>110</duration><percentcompleted>90</percentcompleted><predecessortasks></predecessortasks><childtasks></childtasks></task></childtasks></task></childtasks></task><task id ='35'><name>Project1 task 35</name><est>2006,7,15</est><duration>130</duration><percentcompleted>80</percentcompleted><predecessortasks>3</predecessortasks><childtasks><task id='36'><name>Project1 task 36</name><est>2006,7,15</est><duration>110</duration><percentcompleted>90</percentcompleted><predecessortasks></predecessortasks><childtasks></childtasks></task><task id='37'><name>Project1 task 37</name><est>2006,7,15</est><duration>110</duration><percentcompleted>90</percentcompleted><predecessortasks></predecessortasks><childtasks></childtasks></task></childtasks></task></project><project id ='2' name= 'Project 2' startdate = '2006,6,21'><task id ='62'><name>Project1 task 62</name><est>2006,6,21</est><duration>100</duration><percentcompleted>50</percentcompleted><predecessortasks></predecessortasks><childtasks><task id='64'><name>Project1 task 64</name><est>2006,6,21</est><duration>90</duration><percentcompleted>90</percentcompleted><predecessortasks></predecessortasks><childtasks></childtasks></task><task id='63'><name>Project1 task 63</name><est>2006,6,22</est><duration>78</duration><percentcompleted>40</percentcompleted><predecessortasks></predecessortasks><childtasks></childtasks></task></childtasks></task></project></projects>
